識別番号,漢字,漢検級,異体字
41,一,10級,
58,右,10級,
61,雨,10級,
87,円,10級,
105,王,10級,
127,音,10級,
131,下,10級,
133,火,10級,
138,花,10級,
196,貝,10級,
226,学,10級,
305,気,10級,
365,休,10級,
427,玉,10級,
432,金,10級,
359,九,10級,
452,空,10級,
513,月,10級,
514,犬,10級,
516,見,10級,
576,五,10級,
587,口,10級,
623,校,10級,
682,左,10級,
744,三,10級,
745,山,10級,
767,四,10級,
760,子,10級,
772,糸,10級,
807,字,10級,
810,耳,10級,
829,七,10級,
843,車,10級,
863,手,10級,
907,十,10級,
926,出,10級,
952,女,10級,
959,小,10級,
1009,上,10級,
1061,森,10級,
1070,人,10級,
1081,水,10級,
1106,正,10級,
1107,生,10級,
1115,青,10級,
1140,石,10級,
1141,赤,10級,
1170,先,10級,
1166,千,10級,
1167,川,10級,
1219,早,10級,
1225,草,10級,
1263,足,10級,
1279,村,10級,
1312,大,10級,
1348,男,10級,
1366,竹,10級,
1376,中,10級,
1378,虫,10級,
1396,町,10級,
1472,天,10級,
1480,田,10級,
1493,土,10級,
1577,二,10級,
1583,日,10級,
1584,入,10級,
1593,年,10級,
1630,白,10級,
1647,八,10級,
1716,百,10級,
1786,文,10級,
1886,本,10級,
1926,名,10級,
1876,木,10級,
1947,目,10級,
1138,夕,10級,
2045,立,10級,
2074,力,10級,
2076,林,10級,
2125,六,10級,
46,引,9級,
60,羽,9級,
67,雲,9級,
95,園,9級,
98,遠,9級,
632,黄,9級,
137,何,9級,
146,夏,9級,
147,家,9級,
144,科,9級,
159,歌,9級,
167,画,9級,
175,会,9級,
173,回,9級,
182,海,9級,
186,絵,9級,
197,外,9級,
211,角,9級,
228,楽,9級,
234,活,9級,
270,間,9級,
292,丸,9級,
295,岩,9級,
299,顔,9級,
320,帰,9級,
309,汽,9級,
316,記,9級,
362,弓,9級,
381,牛,9級,
391,魚,9級,
398,京,9級,
410,強,9級,
411,教,9級,
431,近,9級,
469,兄,9級,
471,形,9級,
478,計,9級,
545,元,9級,
551,原,9級,
548,言,9級,
559,古,9級,
558,戸,9級,
578,午,9級,
580,後,9級,
584,語,9級,
596,交,9級,
597,光,9級,
589,公,9級,
588,工,9級,
594,広,9級,
602,考,9級,
603,行,9級,
628,高,9級,
652,合,9級,
661,国,9級,
662,黒,9級,
670,今,9級,
693,才,9級,
706,細,9級,
723,作,9級,
753,算,9級,
780,姉,9級,
768,市,9級,
785,思,9級,
762,止,9級,
790,紙,9級,
808,寺,9級,
818,時,9級,
811,自,9級,
832,室,9級,
842,社,9級,
861,弱,9級,
869,首,9級,
891,秋,9級,
898,週,9級,
930,春,9級,
946,書,9級,
961,少,9級,
1020,場,9級,
1029,色,9級,
1031,食,9級,
1041,心,9級,
1065,新,9級,
1069,親,9級,
1080,図,9級,
1097,数,9級,
1118,星,9級,
1126,晴,9級,
1110,声,9級,
1109,西,9級,
1154,切,9級,
1160,雪,9級,
1190,線,9級,
1180,船,9級,
1197,前,9級,
1211,組,9級,
1221,走,9級,
1285,多,9級,
1293,太,9級,
1295,体,9級,
1314,台,9級,
659,谷,9級,
1357,知,9級,
1355,地,9級,
1356,池,9級,
1373,茶,9級,
1384,昼,9級,
1406,朝,9級,
1397,長,9級,
1405,鳥,9級,
1418,直,9級,
1430,通,9級,
1440,弟,9級,
1474,店,9級,
1475,点,9級,
1483,電,9級,
1499,冬,9級,
1498,刀,9級,
1504,東,9級,
1501,当,9級,
1524,答,9級,
1531,頭,9級,
1536,同,9級,
1542,道,9級,
1556,読,9級,
1570,内,9級,
1574,南,9級,
1581,肉,9級,
1609,馬,9級,
1628,買,9級,
1622,売,9級,
1639,麦,9級,
1656,半,9級,
1680,番,9級,
1738,父,9級,
1764,風,9級,
1785,分,9級,
1787,聞,9級,
1801,米,9級,
1817,歩,9級,
1823,母,9級,
1829,方,9級,
1875,北,9級,
1896,妹,9級,
1895,毎,9級,
1906,万,9級,
1928,明,9級,
1933,鳴,9級,
1941,毛,9級,
1949,門,9級,
1953,夜,9級,
1954,野,9級,
769,矢,9級,
1971,友,9級,
2012,曜,9級,
1992,用,9級,
2022,来,9級,
2038,理,9級,
2037,里,9級,
2130,話,9級,
6,悪,8級,
12,安,8級,
14,暗,8級,
21,委,8級,
33,意,8級,
19,医,8級,
40,育,8級,
51,員,8級,
55,飲,8級,
52,院,8級,
66,運,8級,
69,泳,8級,
82,駅,8級,
107,央,8級,
117,横,8級,
119,屋,8級,
129,温,8級,
132,化,8級,
148,荷,8級,
183,界,8級,
187,開,8級,
188,階,8級,
263,寒,8級,
275,感,8級,
276,漢,8級,
285,館,8級,
294,岸,8級,
328,期,8級,
317,起,8級,
355,客,8級,
375,宮,8級,
372,急,8級,
377,球,8級,
370,究,8級,
373,級,8級,
382,去,8級,
414,橋,8級,
422,業,8級,
425,局,8級,
424,曲,8級,
444,銀,8級,
445,区,8級,
447,苦,8級,
449,具,8級,
462,君,8級,
475,係,8級,
487,軽,8級,
509,決,8級,
508,血,8級,
520,研,8級,
521,県,8級,
569,庫,8級,
570,湖,8級,
598,向,8級,
610,幸,8級,
635,港,8級,
651,号,8級,
674,根,8級,
704,祭,8級,
1663,坂,8級,
743,皿,8級,
764,仕,8級,
777,使,8級,
779,始,8級,
786,指,8級,
771,死,8級,
798,詩,8級,
795,歯,8級,
814,事,8級,
817,持,8級,
809,次,8級,
826,式,8級,
839,実,8級,
841,写,8級,
845,者,8級,
864,主,8級,
867,取,8級,
865,守,8級,
872,酒,8級,
877,受,8級,
885,州,8級,
890,拾,8級,
895,終,8級,
897,習,8級,
901,集,8級,
910,住,8級,
912,重,8級,
920,宿,8級,
945,所,8級,
948,暑,8級,
954,助,8級,
987,勝,8級,
982,商,8級,
973,昭,8級,
976,消,8級,
984,章,8級,
1014,乗,8級,
1032,植,8級,
1058,深,8級,
1042,申,8級,
1056,真,8級,
1051,神,8級,
1046,身,8級,
1060,進,8級,
1105,世,8級,
1135,整,8級,
1142,昔,8級,
1196,全,8級,
1243,想,8級,
1223,相,8級,
1226,送,8級,
1266,息,8級,
1268,速,8級,
1272,族,8級,
1284,他,8級,
1287,打,8級,
1294,対,8級,
1297,待,8級,
1313,代,8級,
1315,第,8級,
1316,題,8級,
1337,炭,8級,
1341,短,8級,
1353,談,8級,
1374,着,8級,
1385,柱,8級,
1383,注,8級,
1392,丁,8級,
1399,帳,8級,
1415,調,8級,
1427,追,8級,
1441,定,8級,
1449,庭,8級,
1461,笛,8級,
1469,鉄,8級,
1478,転,8級,
1523,登,8級,
1489,都,8級,
1496,度,8級,
1510,島,8級,
1502,投,8級,
1521,湯,8級,
1525,等,8級,
1503,豆,8級,
1539,動,8級,
1541,童,8級,
1602,農,8級,
1605,波,8級,
1617,配,8級,
1623,倍,8級,
1643,箱,8級,
1645,畑,8級,
1649,発,8級,
1655,反,8級,
1665,板,8級,
1697,悲,8級,
1684,皮,8級,
1705,美,8級,
1708,鼻,8級,
1714,筆,8級,
1717,氷,8級,
1718,表,8級,
1726,病,8級,
1725,秒,8級,
1729,品,8級,
1747,負,8級,
1761,部,8級,
1766,服,8級,
1770,福,8級,
1777,物,8級,
1789,平,8級,
1809,返,8級,
1816,勉,8級,
1836,放,8級,
1911,味,8級,
1927,命,8級,
1936,面,8級,
1951,問,8級,
1957,役,8級,
1960,薬,8級,
1964,油,8級,
1972,有,8級,
1963,由,8級,
1980,遊,8級,
1987,予,8級,
2005,様,8級,
1995,洋,8級,
1993,羊,8級,
2001,葉,8級,
2002,陽,8級,
2026,落,8級,
2050,流,8級,
2057,旅,8級,
2061,両,8級,
2075,緑,8級,
2088,礼,8級,
2101,列,8級,
2108,練,8級,
2113,路,8級,
2129,和,8級,
4,愛,7級,
13,案,7級,
15,以,7級,
17,位,7級,
16,衣,7級,
1104,井,7級,
44,茨,7級,
47,印,7級,
72,栄,7級,
70,英,7級,
100,塩,7級,
118,岡,7級,
1379,沖,7級,
120,億,7級,
134,加,7級,
141,果,7級,
162,課,7級,
151,貨,7級,
168,芽,7級,
169,賀,7級,
178,改,7級,
185,械,7級,
199,害,7級,
202,街,7級,
210,各,7級,
218,覚,7級,
232,潟,7級,
252,完,7級,
254,官,7級,
278,管,7級,
288,観,7級,
279,関,7級,
300,願,7級,
334,器,7級,
306,岐,7級,
307,希,7級,
333,旗,7級,
337,機,7級,
312,季,7級,
349,議,7級,
369,求,7級,
371,泣,7級,
378,給,7級,
387,挙,7級,
393,漁,7級,
417,競,7級,
395,共,7級,
401,協,7級,
416,鏡,7級,
426,極,7級,
460,熊,7級,
463,訓,7級,
468,群,7級,
466,軍,7級,
467,郡,7級,
473,径,7級,
486,景,7級,
498,芸,7級,
506,欠,7級,
510,結,7級,
527,健,7級,
519,建,7級,
543,験,7級,
561,固,7級,
622,候,7級,
592,功,7級,
600,好,7級,
629,康,7級,
621,香,7級,
683,佐,7級,
688,差,7級,
708,最,7級,
707,菜,7級,
718,材,7級,
1664,阪,7級,
722,崎,7級,
716,埼,7級,
725,昨,7級,
735,刷,7級,
739,察,7級,
734,札,7級,
746,参,7級,
752,散,7級,
750,産,7級,
756,残,7級,
766,司,7級,
763,氏,7級,
797,試,7級,
813,児,7級,
819,滋,7級,
816,治,7級,
821,辞,7級,
825,鹿,7級,
831,失,7級,
856,借,7級,
874,種,7級,
888,周,7級,
919,祝,7級,
939,順,7級,
944,初,7級,
981,唱,7級,
971,松,7級,
990,焼,7級,
999,照,7級,
1120,省,7級,
980,笑,7級,
1015,城,7級,
1049,信,7級,
1044,臣,7級,
1108,成,7級,
1123,清,7級,
1133,静,7級,
1144,席,7級,
1151,積,7級,
1155,折,7級,
1162,節,7級,
1163,説,7級,
1181,戦,7級,
1174,浅,7級,
1192,選,7級,
1199,然,7級,
1227,倉,7級,
1231,巣,7級,
1220,争,7級,
1269,側,7級,
1262,束,7級,
1275,続,7級,
1276,卒,7級,
1280,孫,7級,
1301,帯,7級,
1308,隊,7級,
1328,達,7級,
1336,単,7級,
1364,置,7級,
1377,仲,7級,
1395,兆,7級,
1437,低,7級,
1442,底,7級,
1460,的,7級,
1473,典,7級,
1481,伝,7級,
1487,徒,7級,
1495,努,7級,
1500,灯,7級,
1543,働,7級,
1552,徳,7級,
1549,特,7級,
1557,栃,7級,
1569,奈,7級,
1023,縄,7級,
1592,熱,7級,
1594,念,7級,
1619,敗,7級,
1624,梅,7級,
1637,博,7級,
1672,飯,7級,
1693,飛,7級,
1712,必,7級,
93,媛,7級,
1723,標,7級,
1720,票,7級,
1736,不,7級,
1739,付,7級,
1737,夫,7級,
1752,富,7級,
1742,府,7級,
1744,阜,7級,
1767,副,7級,
1790,兵,7級,
1805,別,7級,
1810,変,7級,
1808,辺,7級,
1815,便,7級,
1830,包,7級,
1837,法,7級,
1865,望,7級,
1878,牧,7級,
1904,末,7級,
1907,満,7級,
1910,未,7級,
1918,民,7級,
1922,無,7級,
1958,約,7級,
1973,勇,7級,
1996,要,7級,
2009,養,7級,
2015,浴,7級,
2036,利,7級,
1571,梨,7級,
2044,陸,7級,
2063,料,7級,
2062,良,7級,
2067,量,7級,
2079,輪,7級,
2086,類,7級,
2087,令,7級,
2092,例,7級,
2089,冷,7級,
2106,連,7級,
2116,労,7級,
2115,老,7級,
2126,録,7級,
8,圧,6級,
18,囲,6級,
78,易,6級,
28,移,6級,
48,因,6級,
73,営,6級,
68,永,6級,
77,衛,6級,
81,液,6級,
80,益,6級,
101,演,6級,
109,往,6級,
108,応,6級,
136,仮,6級,
140,価,6級,
135,可,6級,
142,河,6級,
153,過,6級,
191,解,6級,
176,快,6級,
214,格,6級,
222,確,6級,
229,額,6級,
248,刊,6級,
274,幹,6級,
277,慣,6級,
297,眼,6級,
325,喜,6級,
321,基,6級,
322,寄,6級,
313,紀,6級,
323,規,6級,
339,技,6級,
343,義,6級,
357,逆,6級,
360,久,6級,
376,救,6級,
364,旧,6級,
384,居,6級,
389,許,6級,
413,境,6級,
645,興,6級,
430,均,6級,
438,禁,6級,
446,句,6級,
476,型,6級,
483,経,6級,
512,潔,6級,
515,件,6級,
531,検,6級,
528,険,6級,
554,減,6級,
552,現,6級,
550,限,6級,
568,個,6級,
566,故,6級,
586,護,6級,
609,効,6級,
614,厚,6級,
641,構,6級,
624,耕,6級,
625,航,6級,
648,講,6級,
640,鉱,6級,
658,告,6級,
676,混,6級,
685,査,6級,
694,再,6級,
696,妻,6級,
702,採,6級,
695,災,6級,
715,際,6級,
717,在,6級,
721,罪,6級,
720,財,6級,
114,桜,6級,
738,殺,6級,
742,雑,6級,
755,賛,6級,
754,酸,6級,
765,史,6級,
759,士,6級,
788,師,6級,
775,志,6級,
761,支,6級,
781,枝,6級,
799,資,6級,
800,飼,6級,
812,似,6級,
806,示,6級,
827,識,6級,
838,質,6級,
844,舎,6級,
852,謝,6級,
879,授,6級,
893,修,6級,
928,術,6級,
927,述,6級,
940,準,6級,
955,序,6級,
968,招,6級,
995,証,6級,
996,象,6級,
1005,賞,6級,
1018,常,6級,
1019,情,6級,
1012,条,6級,
1013,状,6級,
1037,織,6級,
1038,職,6級,
1111,制,6級,
1127,勢,6級,
1114,性,6級,
1117,政,6級,
1130,精,6級,
1131,製,6級,
1137,税,6級,
1152,績,6級,
1149,責,6級,
1158,接,6級,
1159,設,6級,
1165,絶,6級,
1206,祖,6級,
1208,素,6級,
1245,総,6級,
1255,像,6級,
1256,増,6級,
1254,造,6級,
1265,則,6級,
1270,測,6級,
1273,属,6級,
1282,損,6級,
1310,態,6級,
1307,貸,6級,
1347,団,6級,
1350,断,6級,
1370,築,6級,
1391,貯,6級,
1400,張,6級,
1451,停,6級,
1454,提,6級,
1455,程,6級,
1464,適,6級,
1527,統,6級,
1540,堂,6級,
1545,導,6級,
1544,銅,6級,
1550,得,6級,
1554,毒,6級,
1555,独,6級,
1587,任,6級,
1597,燃,6級,
1600,能,6級,
1607,破,6級,
1662,判,6級,
1666,版,6級,
1658,犯,6級,
1683,比,6級,
1690,肥,6級,
1699,費,6級,
1691,非,6級,
1706,備,6級,
1721,評,6級,
1731,貧,6級,
1750,婦,6級,
1740,布,6級,
1760,武,6級,
1769,復,6級,
1772,複,6級,
1776,仏,6級,
1778,粉,6級,
1813,編,6級,
1814,弁,6級,
1818,保,6級,
1825,墓,6級,
1846,報,6級,
1848,豊,6級,
1871,暴,6級,
1869,貿,6級,
1858,防,6級,
1916,脈,6級,
1921,務,6級,
1923,夢,6級,
1929,迷,6級,
1937,綿,6級,
1968,輸,6級,
1988,余,6級,
1997,容,6級,
1277,率,6級,
2048,略,6級,
2051,留,6級,
2069,領,6級,
2100,歴,6級,
27,異,5級,
25,胃,5級,
37,遺,5級,
39,域,5級,
59,宇,5級,
71,映,5級,
88,延,5級,
89,沿,5級,
128,恩,5級,
166,我,5級,
174,灰,5級,
212,拡,5級,
221,閣,5級,
213,革,5級,
237,割,5級,
243,株,5級,
256,巻,5級,
247,干,5級,
257,看,5級,
287,簡,5級,
303,危,5級,
327,揮,5級,
304,机,5級,
330,貴,5級,
344,疑,5級,
366,吸,5級,
400,供,5級,
408,胸,5級,
412,郷,5級,
434,勤,5級,
436,筋,5級,
485,敬,5級,
472,系,5級,
496,警,5級,
502,劇,5級,
504,激,5級,
507,穴,5級,
517,券,5級,
537,憲,5級,
536,権,5級,
534,絹,5級,
556,厳,5級,
555,源,5級,
560,呼,5級,
557,己,5級,
585,誤,5級,
599,后,5級,
605,孝,5級,
617,皇,5級,
618,紅,5級,
647,鋼,5級,
627,降,5級,
660,刻,5級,
663,穀,5級,
666,骨,5級,
671,困,5級,
686,砂,5級,
691,座,5級,
703,済,5級,
709,裁,5級,
728,策,5級,
733,冊,5級,
748,蚕,5級,
784,姿,5級,
776,私,5級,
773,至,5級,
792,視,5級,
794,詞,5級,
801,誌,5級,
822,磁,5級,
846,射,5級,
847,捨,5級,
855,尺,5級,
860,若,5級,
882,樹,5級,
883,収,5級,
889,宗,5級,
899,就,5級,
900,衆,5級,
913,従,5級,
917,縦,5級,
923,縮,5級,
925,熟,5級,
937,純,5級,
943,処,5級,
949,署,5級,
951,諸,5級,
958,除,5級,
997,傷,5級,
975,将,5級,
969,承,5級,
1002,障,5級,
1022,蒸,5級,
1057,針,5級,
1072,仁,5級,
1083,垂,5級,
1088,推,5級,
1101,寸,5級,
1124,盛,5級,
1128,聖,5級,
1129,誠,5級,
1164,舌,5級,
1171,宣,5級,
1172,専,5級,
1173,泉,5級,
1175,洗,5級,
1176,染,5級,
1188,銭,5級,
1198,善,5級,
1237,創,5級,
1222,奏,5級,
1244,層,5級,
1249,操,5級,
1236,窓,5級,
1241,装,5級,
1260,臓,5級,
1258,蔵,5級,
1278,存,5級,
1281,尊,5級,
1300,退,5級,
1318,宅,5級,
1335,担,5級,
1339,探,5級,
1345,誕,5級,
1352,暖,5級,
1349,段,5級,
1358,値,5級,
1380,宙,5級,
1381,忠,5級,
1390,著,5級,
1394,庁,5級,
1413,潮,5級,
1409,腸,5級,
1404,頂,5級,
1425,賃,5級,
1431,痛,5級,
1465,敵,5級,
1476,展,5級,
1514,党,5級,
1530,糖,5級,
1512,討,5級,
1560,届,5級,
1576,難,5級,
1585,乳,5級,
1590,認,5級,
1599,納,5級,
1601,脳,5級,
1606,派,5級,
1616,俳,5級,
1612,拝,5級,
1614,背,5級,
1615,肺,5級,
1667,班,5級,
1679,晩,5級,
1686,否,5級,
1687,批,5級,
1695,秘,5級,
1719,俵,5級,
1771,腹,5級,
1784,奮,5級,
1792,並,5級,
1795,閉,5級,
1794,陛,5級,
1807,片,5級,
1821,補,5級,
1827,暮,5級,
1834,宝,5級,
1845,訪,5級,
1852,亡,5級,
1857,忘,5級,
1868,棒,5級,
1897,枚,5級,
1900,幕,5級,
1914,密,5級,
1931,盟,5級,
1940,模,5級,
1959,訳,5級,
1985,優,5級,
1976,郵,5級,
1990,預,5級,
1991,幼,5級,
2016,欲,5級,
2017,翌,5級,
2029,乱,5級,
2030,卵,5級,
2031,覧,5級,
2040,裏,5級,
2046,律,5級,
2081,臨,5級,
2119,朗,5級,
2128,論,5級,
7,握,4級,
9,扱,4級,
20,依,4級,
30,偉,4級,
22,威,4級,
23,為,4級,
35,維,4級,
38,緯,4級,
34,違,4級,
42,壱,4級,
1528,稲,4級,
45,芋,4級,
54,陰,4級,
56,隠,4級,
75,影,4級,
76,鋭,4級,
84,越,4級,
94,援,4級,
96,煙,4級,
102,縁,4級,
99,鉛,4級,
104,汚,4級,
116,奥,4級,
110,押,4級,
121,憶,4級,
155,暇,4級,
160,箇,4級,
150,菓,4級,
170,雅,4級,
172,介,4級,
193,壊,4級,
177,戒,4級,
184,皆,4級,
223,獲,4級,
219,較,4級,
246,刈,4級,
259,乾,4級,
272,勧,4級,
280,歓,4級,
250,汗,4級,
286,環,4級,
249,甘,4級,
281,監,4級,
291,鑑,4級,
293,含,4級,
310,奇,4級,
326,幾,4級,
311,祈,4級,
336,輝,4級,
319,鬼,4級,
345,儀,4級,
346,戯,4級,
353,詰,4級,
354,却,4級,
356,脚,4級,
363,丘,4級,
361,及,4級,
367,朽,4級,
383,巨,4級,
386,拠,4級,
390,距,4級,
394,凶,4級,
396,叫,4級,
406,恐,4級,
402,況,4級,
397,狂,4級,
405,狭,4級,
418,響,4級,
419,驚,4級,
420,仰,4級,
448,駆,4級,
457,屈,4級,
458,掘,4級,
461,繰,4級,
488,傾,4級,
479,恵,4級,
490,継,4級,
499,迎,4級,
503,撃,4級,
523,兼,4級,
524,剣,4級,
529,圏,4級,
530,堅,4級,
518,肩,4級,
526,軒,4級,
535,遣,4級,
547,玄,4級,
567,枯,4級,
572,誇,4級,
573,鼓,4級,
577,互,4級,
392,御,4級,
615,恒,4級,
606,抗,4級,
607,攻,4級,
608,更,4級,
644,稿,4級,
619,荒,4級,
638,項,4級,
656,豪,4級,
2004,腰,4級,
668,込,4級,
675,婚,4級,
690,鎖,4級,
701,彩,4級,
713,歳,4級,
714,載,4級,
719,剤,4級,
732,咲,4級,
749,惨,4級,
774,伺,4級,
778,刺,4級,
770,旨,4級,
793,紫,4級,
791,脂,4級,
802,雌,4級,
834,執,4級,
840,芝,4級,
849,斜,4級,
850,煮,4級,
858,釈,4級,
862,寂,4級,
866,朱,4級,
868,狩,4級,
875,趣,4級,
880,需,4級,
887,秀,4級,
886,舟,4級,
906,襲,4級,
911,柔,4級,
916,獣,4級,
931,瞬,4級,
932,旬,4級,
934,盾,4級,
933,巡,4級,
962,召,4級,
964,床,4級,
972,沼,4級,
979,称,4級,
985,紹,4級,
1000,詳,4級,
1010,丈,4級,
1021,畳,4級,
1034,飾,4級,
1033,殖,4級,
1035,触,4級,
1048,侵,4級,
1063,寝,4級,
1064,慎,4級,
1054,振,4級,
1055,浸,4級,
1068,薪,4級,
1067,震,4級,
1077,尋,4級,
1073,尽,4級,
1076,陣,4級,
1082,吹,4級,
1414,澄,4級,
1103,是,4級,
1112,姓,4級,
1113,征,4級,
1150,跡,4級,
1169,占,4級,
1177,扇,4級,
1195,鮮,4級,
1213,訴,4級,
1242,僧,4級,
1250,燥,4級,
1252,騒,4級,
1259,贈,4級,
1261,即,4級,
1271,俗,4級,
1296,耐,4級,
1306,替,4級,
1322,拓,4級,
1320,沢,4級,
1326,濁,4級,
1329,脱,4級,
1333,丹,4級,
1342,嘆,4級,
1340,淡,4級,
1343,端,4級,
1351,弾,4級,
1359,恥,4級,
1360,致,4級,
1361,遅,4級,
1369,蓄,4級,
1411,徴,4級,
1410,跳,4級,
1421,沈,4級,
1422,珍,4級,
1453,堤,4級,
1443,抵,4級,
1462,摘,4級,
1463,滴,4級,
1477,添,4級,
1482,殿,4級,
1485,吐,4級,
1490,渡,4級,
1488,途,4級,
1494,奴,4級,
1497,怒,4級,
1507,倒,4級,
1509,唐,4級,
1518,塔,4級,
1511,桃,4級,
1516,盗,4級,
1505,到,4級,
1529,踏,4級,
1506,逃,4級,
1513,透,4級,
1534,闘,4級,
1538,胴,4級,
1547,峠,4級,
1559,突,4級,
1566,曇,4級,
1565,鈍,4級,
1579,弐,4級,
1598,悩,4級,
1603,濃,4級,
1613,杯,4級,
1621,輩,4級,
1632,拍,4級,
1633,泊,4級,
1638,薄,4級,
1634,迫,4級,
1642,爆,4級,
1650,髪,4級,
1653,罰,4級,
1652,抜,4級,
1673,搬,4級,
1677,繁,4級,
1669,般,4級,
1670,販,4級,
1676,範,4級,
1682,盤,4級,
1688,彼,4級,
1694,疲,4級,
1696,被,4級,
1702,避,4級,
1703,尾,4級,
1707,微,4級,
1711,匹,4級,
1727,描,4級,
1730,浜,4級,
1734,敏,4級,
1743,怖,4級,
1755,敷,4級,
1753,普,4級,
1749,浮,4級,
1754,腐,4級,
1756,膚,4級,
1757,賦,4級,
1762,舞,4級,
1768,幅,4級,
1774,払,4級,
1781,噴,4級,
1793,柄,4級,
1802,壁,4級,
1822,舗,4級,
1820,捕,4級,
1842,峰,4級,
1835,抱,4級,
1843,砲,4級,
1866,傍,4級,
1855,坊,4級,
1867,帽,4級,
1854,忙,4級,
1862,冒,4級,
1860,肪,4級,
1889,凡,4級,
1890,盆,4級,
1908,慢,4級,
1909,漫,4級,
1917,妙,4級,
1919,眠,4級,
1920,矛,4級,
1924,霧,4級,
1925,娘,4級,
1939,茂,4級,
1945,猛,4級,
1946,網,4級,
1948,黙,4級,
1950,紋,4級,
1961,躍,4級,
1981,雄,4級,
1986,与,4級,
1989,誉,4級,
2003,溶,4級,
2011,謡,4級,
2007,踊,4級,
2018,翼,4級,
2024,頼,4級,
2023,雷,4級,
2025,絡,4級,
2034,欄,4級,
2043,離,4級,
2053,粒,4級,
2059,慮,4級,
2071,療,4級,
2080,隣,4級,
2083,涙,4級,
2096,隷,4級,
2098,麗,4級,
2097,齢,4級,
2099,暦,4級,
2102,劣,4級,
2103,烈,4級,
2105,恋,4級,
2114,露,4級,
2118,郎,4級,
2133,惑,4級,
2136,腕,4級,
2,哀,3級,
36,慰,3級,
74,詠,3級,
83,悦,3級,
86,閲,3級,
92,宴,3級,
90,炎,3級,
112,欧,3級,
113,殴,3級,
124,乙,3級,
126,卸,3級,
130,穏,3級,
139,佳,3級,
154,嫁,3級,
145,架,3級,
149,華,3級,
171,餓,3級,
189,塊,3級,
179,怪,3級,
181,悔,3級,
203,慨,3級,
206,概,3級,
205,該,3級,
225,穫,3級,
217,郭,3級,
220,隔,3級,
227,岳,3級,
231,掛,3級,
239,滑,3級,
255,冠,3級,
260,勘,3級,
264,喚,3級,
266,換,3級,
267,敢,3級,
282,緩,3級,
253,肝,3級,
262,貫,3級,
301,企,3級,
308,忌,3級,
315,既,3級,
329,棋,3級,
331,棄,3級,
314,軌,3級,
338,騎,3級,
342,欺,3級,
348,犠,3級,
350,菊,3級,
351,吉,3級,
352,喫,3級,
358,虐,3級,
388,虚,3級,
403,峡,3級,
409,脅,3級,
423,凝,3級,
429,斤,3級,
439,緊,3級,
451,愚,3級,
453,偶,3級,
454,遇,3級,
1230,桑,3級,
470,刑,3級,
480,啓,3級,
477,契,3級,
495,憩,3級,
481,掲,3級,
489,携,3級,
497,鶏,3級,
500,鯨,3級,
522,倹,3級,
538,賢,3級,
546,幻,3級,
564,孤,3級,
565,弧,3級,
571,雇,3級,
575,顧,3級,
581,娯,3級,
582,悟,3級,
604,坑,3級,
591,孔,3級,
593,巧,3級,
634,慌,3級,
611,拘,3級,
630,控,3級,
595,甲,3級,
636,硬,3級,
637,絞,3級,
642,綱,3級,
620,郊,3級,
643,酵,3級,
657,克,3級,
665,獄,3級,
680,墾,3級,
673,恨,3級,
678,紺,3級,
679,魂,3級,
710,債,3級,
711,催,3級,
724,削,3級,
730,搾,3級,
731,錯,3級,
740,撮,3級,
741,擦,3級,
758,暫,3級,
787,施,3級,
782,祉,3級,
805,諮,3級,
815,侍,3級,
820,慈,3級,
828,軸,3級,
835,湿,3級,
833,疾,3級,
848,赦,3級,
853,邪,3級,
870,殊,3級,
876,寿,3級,
941,潤,3級,
942,遵,3級,
957,徐,3級,
963,匠,3級,
988,掌,3級,
970,昇,3級,
989,晶,3級,
991,焦,3級,
1004,衝,3級,
1008,鐘,3級,
1011,冗,3級,
1025,嬢,3級,
1027,譲,3級,
1026,錠,3級,
1036,嘱,3級,
1039,辱,3級,
1043,伸,3級,
1066,審,3級,
1047,辛,3級,
1084,炊,3級,
1086,粋,3級,
1087,衰,3級,
1090,遂,3級,
1089,酔,3級,
1093,随,3級,
1094,髄,3級,
1102,瀬,3級,
1119,牲,3級,
1134,請,3級,
1146,隻,3級,
1147,惜,3級,
1139,斥,3級,
1153,籍,3級,
1161,摂,3級,
1189,潜,3級,
1203,繕,3級,
1209,措,3級,
1216,礎,3級,
1210,粗,3級,
1205,阻,3級,
1217,双,3級,
1232,掃,3級,
1240,葬,3級,
1246,遭,3級,
1257,憎,3級,
1264,促,3級,
1274,賊,3級,
1298,怠,3級,
1309,滞,3級,
1299,胎,3級,
1304,袋,3級,
1305,逮,3級,
1317,滝,3級,
1321,卓,3級,
1319,択,3級,
1323,託,3級,
1325,諾,3級,
1330,奪,3級,
1338,胆,3級,
1346,鍛,3級,
1354,壇,3級,
1363,稚,3級,
1367,畜,3級,
1372,窒,3級,
1382,抽,3級,
1388,鋳,3級,
1389,駐,3級,
1401,彫,3級,
1416,聴,3級,
1408,超,3級,
1426,鎮,3級,
1424,陳,3級,
1429,墜,3級,
1447,帝,3級,
1457,締,3級,
1448,訂,3級,
1468,哲,3級,
1491,塗,3級,
1484,斗,3級,
1508,凍,3級,
1522,痘,3級,
1517,陶,3級,
1548,匿,3級,
1553,篤,3級,
1562,豚,3級,
953,如,3級,
1586,尿,3級,
1596,粘,3級,
1610,婆,3級,
1618,排,3級,
1626,陪,3級,
1641,縛,3級,
1651,伐,3級,
1661,伴,3級,
1659,帆,3級,
1668,畔,3級,
1678,藩,3級,
1681,蛮,3級,
1692,卑,3級,
1713,泌,3級,
1700,碑,3級,
1715,姫,3級,
1722,漂,3級,
1724,苗,3級,
1751,符,3級,
1748,赴,3級,
1763,封,3級,
1765,伏,3級,
1773,覆,3級,
1782,墳,3級,
1779,紛,3級,
1804,癖,3級,
1092,穂,3級,
1824,募,3級,
1826,慕,3級,
1828,簿,3級,
1841,倣,3級,
1833,奉,3級,
1844,崩,3級,
1851,縫,3級,
1839,胞,3級,
1831,芳,3級,
1832,邦,3級,
1849,飽,3級,
1853,乏,3級,
1856,妨,3級,
1859,房,3級,
1861,某,3級,
1872,膨,3級,
1873,謀,3級,
1881,墨,3級,
1883,没,3級,
1888,翻,3級,
1894,魔,3級,
1899,埋,3級,
1901,膜,3級,
1903,又,3級,
1912,魅,3級,
1125,婿,3級,
1934,滅,3級,
1935,免,3級,
1974,幽,3級,
1983,憂,3級,
1982,誘,3級,
1999,揚,3級,
2000,揺,3級,
2010,擁,3級,
2013,抑,3級,
2020,裸,3級,
2032,濫,3級,
2035,吏,3級,
2054,隆,3級,
2060,了,3級,
2065,猟,3級,
2073,糧,3級,
2066,陵,3級,
2077,厘,3級,
2090,励,3級,
2094,零,3級,
2095,霊,3級,
2104,裂,3級,
2107,廉,3級,
2109,錬,3級,
2111,炉,3級,
2121,廊,3級,
2122,楼,3級,
2120,浪,3級,
2123,漏,3級,
2135,湾,3級,
1,亜,準2級,
26,尉,準2級,
43,逸,準2級,
50,姻,準2級,
57,韻,準2級,
152,渦,準2級,
65,浦,準2級,
79,疫,準2級,
85,謁,準2級,
97,猿,準2級,
106,凹,準2級,
115,翁,準2級,
158,寡,準2級,
156,禍,準2級,
161,稼,準2級,
163,蚊,準2級,
194,懐,準2級,
180,拐,準2級,
198,劾,準2級,
201,涯,準2級,
208,垣,準2級,
224,嚇,準2級,
215,核,準2級,
216,殻,準2級,
235,喝,準2級,
233,括,準2級,
236,渇,準2級,
240,褐,準2級,
241,轄,準2級,
242,且,準2級,
265,堪,準2級,
273,寛,準2級,
261,患,準2級,
283,憾,準2級,
268,棺,準2級,
269,款,準2級,
251,缶,準2級,
290,艦,準2級,
284,還,準2級,
271,閑,準2級,
258,陥,準2級,
298,頑,準2級,
318,飢,準2級,
341,偽,準2級,
340,宜,準2級,
347,擬,準2級,
380,窮,準2級,
374,糾,準2級,
385,拒,準2級,
399,享,準2級,
407,恭,準2級,
404,挟,準2級,
415,矯,準2級,
421,暁,準2級,
435,琴,準2級,
433,菌,準2級,
442,襟,準2級,
441,謹,準2級,
443,吟,準2級,
123,虞,準2級,
455,隅,準2級,
157,靴,準2級,
464,勲,準2級,
465,薫,準2級,
492,慶,準2級,
482,渓,準2級,
474,茎,準2級,
484,蛍,準2級,
511,傑,準2級,
532,嫌,準2級,
544,懸,準2級,
533,献,準2級,
539,謙,準2級,
542,顕,準2級,
549,弦,準2級,
579,呉,準2級,
583,碁,準2級,
613,侯,準2級,
601,江,準2級,
616,洪,準2級,
639,溝,準2級,
612,肯,準2級,
646,衡,準2級,
626,貢,準2級,
649,購,準2級,
654,剛,準2級,
653,拷,準2級,
664,酷,準2級,
681,懇,準2級,
672,昆,準2級,
687,唆,準2級,
689,詐,準2級,
699,宰,準2級,
700,栽,準2級,
698,砕,準2級,
705,斎,準2級,
727,索,準2級,
751,傘,準2級,
747,桟,準2級,
796,嗣,準2級,
783,肢,準2級,
804,賜,準2級,
824,璽,準2級,
837,漆,準2級,
851,遮,準2級,
854,蛇,準2級,
859,爵,準2級,
857,酌,準2級,
871,珠,準2級,
881,儒,準2級,
884,囚,準2級,
902,愁,準2級,
892,臭,準2級,
903,酬,準2級,
904,醜,準2級,
909,充,準2級,
908,汁,準2級,
914,渋,準2級,
915,銃,準2級,
918,叔,準2級,
921,淑,準2級,
922,粛,準2級,
924,塾,準2級,
929,俊,準2級,
935,准,準2級,
938,循,準2級,
936,殉,準2級,
947,庶,準2級,
950,緒,準2級,
956,叙,準2級,
1006,償,準2級,
960,升,準2級,
998,奨,準2級,
974,宵,準2級,
967,尚,準2級,
1001,彰,準2級,
965,抄,準2級,
983,渉,準2級,
977,症,準2級,
992,硝,準2級,
1007,礁,準2級,
978,祥,準2級,
993,粧,準2級,
966,肖,準2級,
986,訟,準2級,
994,詔,準2級,
1017,剰,準2級,
1024,壌,準2級,
1016,浄,準2級,
1028,醸,準2級,
1052,唇,準2級,
1053,娠,準2級,
1059,紳,準2級,
1062,診,準2級,
1071,刃,準2級,
1075,甚,準2級,
1074,迅,準2級,
729,酢,準2級,
1085,帥,準2級,
1091,睡,準2級,
1096,崇,準2級,
1095,枢,準2級,
1098,据,準2級,
1099,杉,準2級,
64,畝,準2級,
1132,誓,準2級,
1122,逝,準2級,
1116,斉,準2級,
1143,析,準2級,
1156,拙,準2級,
1157,窃,準2級,
1168,仙,準2級,
1178,栓,準2級,
1179,旋,準2級,
1194,繊,準2級,
1193,薦,準2級,
1186,践,準2級,
1191,遷,準2級,
1201,漸,準2級,
1200,禅,準2級,
1214,塑,準2級,
1212,疎,準2級,
1207,租,準2級,
1238,喪,準2級,
1218,壮,準2級,
1228,捜,準2級,
1229,挿,準2級,
1233,曹,準2級,
1247,槽,準2級,
1224,荘,準2級,
1253,藻,準2級,
1251,霜,準2級,
1290,堕,準2級,
1288,妥,準2級,
1291,惰,準2級,
1292,駄,準2級,
1302,泰,準2級,
1324,濯,準2級,
1327,但,準2級,
1331,棚,準2級,
1362,痴,準2級,
1368,逐,準2級,
1371,秩,準2級,
1375,嫡,準2級,
1386,衷,準2級,
1393,弔,準2級,
1417,懲,準2級,
1398,挑,準2級,
1402,眺,準2級,
1419,勅,準2級,
1423,朕,準2級,
1050,津,準2級,
1432,塚,準2級,
1433,漬,準2級,
1434,坪,準2級,
1403,釣,準2級,
1445,亭,準2級,
1452,偵,準2級,
1446,貞,準2級,
1438,呈,準2級,
1439,廷,準2級,
1456,艇,準2級,
1450,逓,準2級,
1444,邸,準2級,
1459,泥,準2級,
1470,徹,準2級,
1471,撤,準2級,
1467,迭,準2級,
1515,悼,準2級,
1519,搭,準2級,
1520,棟,準2級,
1526,筒,準2級,
1532,謄,準2級,
1535,騰,準2級,
1537,洞,準2級,
1551,督,準2級,
1558,凸,準2級,
1561,屯,準2級,
1575,軟,準2級,
1578,尼,準2級,
1588,妊,準2級,
1589,忍,準2級,
1591,寧,準2級,
1728,猫,準2級,
1604,把,準2級,
1608,覇,準2級,
1620,廃,準2級,
1625,培,準2級,
1627,媒,準2級,
1629,賠,準2級,
1631,伯,準2級,
1636,舶,準2級,
1640,漠,準2級,
1646,肌,準2級,
1648,鉢,準2級,
1654,閥,準2級,
1674,煩,準2級,
1675,頒,準2級,
1685,妃,準2級,
1698,扉,準2級,
1689,披,準2級,
1701,罷,準2級,
1732,賓,準2級,
1733,頻,準2級,
1735,瓶,準2級,
1741,扶,準2級,
1758,譜,準2級,
1745,附,準2級,
1759,侮,準2級,
1775,沸,準2級,
1783,憤,準2級,
1780,雰,準2級,
1788,丙,準2級,
1791,併,準2級,
1796,塀,準2級,
1797,幣,準2級,
1798,弊,準2級,
1811,偏,準2級,
1812,遍,準2級,
1840,俸,準2級,
1838,泡,準2級,
1850,褒,準2級,
1863,剖,準2級,
1864,紡,準2級,
1880,僕,準2級,
1882,撲,準2級,
1877,朴,準2級,
1885,堀,準2級,
1887,奔,準2級,
1892,摩,準2級,
1893,磨,準2級,
1891,麻,準2級,
1905,抹,準2級,
541,繭,準2級,
1913,岬,準2級,
1932,銘,準2級,
1942,妄,準2級,
1943,盲,準2級,
1944,耗,準2級,
2091,戻,準2級,
1956,厄,準2級,
2049,柳,準2級,
1966,愉,準2級,
1969,癒,準2級,
1967,諭,準2級,
1970,唯,準2級,
1975,悠,準2級,
1978,猶,準2級,
1979,裕,準2級,
1984,融,準2級,
1998,庸,準2級,
2008,窯,準2級,
2021,羅,準2級,
2027,酪,準2級,
2041,履,準2級,
2039,痢,準2級,
2055,硫,準2級,
2052,竜,準2級,
2058,虜,準2級,
2068,僚,準2級,
2070,寮,準2級,
2064,涼,準2級,
2078,倫,準2級,
2085,塁,準2級,
2084,累,準2級,
2093,鈴,準2級,
2131,賄,準2級,
2134,枠,準2級,
3,挨,2級,
10,宛,2級,
1962,闇,2級,
31,椅,2級,
24,畏,2級,
29,萎,2級,
49,咽,2級,
53,淫,2級,
368,臼,2級,
62,唄,2級,
823,餌,2級,
91,怨,2級,
103,艶,2級,
111,旺,2級,
122,臆,2級,
125,俺,2級,
143,苛,2級,
164,牙,2級,
200,崖,2級,
204,蓋,2級,
207,骸,2級,
209,柿,2級,
230,顎,2級,
238,葛,2級,
244,釜,2級,
245,鎌,2級,
165,瓦,2級,
289,韓,2級,
296,玩,2級,
302,伎,2級,
335,畿,2級,
324,亀,2級,
437,僅,2級,
428,巾,2級,
440,錦,2級,
667,駒,2級,
456,串,2級,
459,窟,2級,
494,稽,2級,
491,詣,2級,
501,隙,2級,
505,桁,2級,
525,拳,2級,
540,鍵,2級,
553,舷,2級,
562,股,2級,
563,虎,2級,
650,乞,2級,
590,勾,2級,
633,喉,2級,
631,梗,2級,
669,頃,2級,
677,痕,2級,
684,沙,2級,
692,挫,2級,
712,塞,2級,
697,采,2級,
726,柵,2級,
737,拶,2級,
757,斬,2級,
836,嫉,2級,
873,腫,2級,
878,呪,2級,
905,蹴,2級,
1030,拭,2級,
1040,尻,2級,
1045,芯,2級,
1078,腎,2級,
1079,須,2級,
1100,裾,2級,
1121,凄,2級,
1136,醒,2級,
1148,戚,2級,
1145,脊,2級,
1182,煎,2級,
1183,羨,2級,
1184,腺,2級,
1185,詮,2級,
1202,膳,2級,
1234,曽,2級,
1204,狙,2級,
1215,遡,2級,
1235,爽,2級,
1239,痩,2級,
1267,捉,2級,
894,袖,2級,
1283,遜,2級,
1286,汰,2級,
1289,唾,2級,
1303,堆,2級,
1311,戴,2級,
1332,誰,2級,
1334,旦,2級,
1344,綻,2級,
1387,酎,2級,
1420,捗,2級,
1428,椎,2級,
192,潰,2級,
1435,爪,2級,
1436,鶴,2級,
1458,諦,2級,
1466,溺,2級,
1407,貼,2級,
1486,妬,2級,
1492,賭,2級,
1533,藤,2級,
1003,憧,2級,
1546,瞳,2級,
1563,頓,2級,
1568,那,2級,
1572,謎,2級,
1573,鍋,2級,
1580,匂,2級,
1582,虹,2級,
1595,捻,2級,
1611,罵,2級,
1644,箸,2級,
1671,斑,2級,
1657,氾,2級,
1660,汎,2級,
1704,眉,2級,
1709,膝,2級,
1710,肘,2級,
1799,蔽,2級,
1806,蔑,2級,
1847,蜂,2級,
1870,貌,2級,
1879,睦,2級,
1884,勃,2級,
1898,昧,2級,
1902,枕,2級,
1915,蜜,2級,
1930,冥,2級,
1938,麺,2級,
1800,餅,2級,
1952,冶,2級,
1955,弥,2級,
1977,湧,2級,
1994,妖,2級,
2014,沃,2級,
11,嵐,2級,
2033,藍,2級,
2042,璃,2級,
2056,侶,2級,
2072,瞭,2級,
2082,瑠,2級,
2110,呂,2級,
2112,賂,2級,
2117,弄,2級,
2127,麓,2級,
2132,脇,2級,
1567,丼,2級,
655,傲,2級,
736,刹,2級,
1819,哺,2級,
1965,喩,2級,
379,嗅,2級,
1412,嘲,2級,
332,毀,2級,
32,彙,2級,
789,恣,2級,
450,惧,2級,
2047,慄,2級,
493,憬,2級,
2019,拉,2級,
803,摯,2級,
5,曖,2級,
190,楷,2級,
63,鬱,2級,
1803,璧,2級,
2006,瘍,2級,
1187,箋,2級,
2124,籠,2級,
1365,緻,2級,
896,羞,2級,
1746,訃,2級,
195,諧,2級,
1564,貪,2級,
1248,踪,2級,
2028,辣,2級,
574,錮,2級,
1635,剝,2級,剥
1479,塡,2級,填
1874,頰,2級,頬
830,叱,2級,
